{
    "avg_prec": {
        "train": 0.9080863054471912,
        "test": 0.7836083731319401
    },
    "roc_auc": {
        "train": 0.9860216849914154,
        "test": 0.9689624654194214
    }
}
